workload,backend,device,residency,n_samples,n_features,dtype,threads,repetitions,setup_seconds,seconds_per_mvm,relative_error,status,fortml_commit,fortnum_commit,correctness_oracle,compiler,flags,torch_version,gpytorch_version,pykeops_version,cuda_device
rbf_plus_constant,fortml_composite,cpu,cpu,256,8,float64,16,5,,  2.8180000000000001E-05,0.0,pass,76c94d4f2d5c75fdd4de1c0c0987df5d4b421937,73e8965c9891a7a6256981a6509edd36ec26a9b4,direct_RBF_plus_constant_pairwise_sum,nvfortran,-O3 -mp=multicore,,,,
rbf_plus_constant,pytorch_dense,cpu,resident,256,8,float64,16,5,0.0020428090065252036,0.0009883962047751993,1.037664777877665e-15,pass,,,,,,2.13.0+cu130,1.15.2,2.3,cpu
rbf_plus_constant,keops,cpu,resident,256,8,float64,16,5,0.09523934000753798,0.0008480757998768241,1.4823782541109502e-15,pass,,,,,,2.13.0+cu130,1.15.2,2.3,cpu
rbf_plus_constant,gpytorch_keops,cpu,resident,256,8,float64,16,5,0.1487974880146794,0.001066497399006039,9.388257476422372e-09,pass,,,,,,2.13.0+cu130,1.15.2,2.3,cpu
rbf_plus_constant,fortml_composite,cuda,transfer,256,8,float64,unknown,5,,  7.6799999999999997E-05,0.0,pass,76c94d4f2d5c75fdd4de1c0c0987df5d4b421937,73e8965c9891a7a6256981a6509edd36ec26a9b4,direct_RBF_plus_constant_pairwise_sum,nvfortran,-O3 -acc,,,,
rbf_plus_constant,fortml_composite,cuda,resident,256,8,float64,unknown,5,,  6.0220000000000003E-05,0.0,pass,76c94d4f2d5c75fdd4de1c0c0987df5d4b421937,73e8965c9891a7a6256981a6509edd36ec26a9b4,direct_RBF_plus_constant_pairwise_sum,nvfortran,-O3 -acc,,,,
rbf_plus_constant,pytorch_dense,cuda,resident,256,8,float64,1,5,0.10646362698753364,0.00014357439940795302,4.447134762332851e-16,pass,,,,,,2.13.0+cu130,1.15.2,2.3,NVIDIA GeForce RTX 5060 Ti
rbf_plus_constant,pytorch_dense,cuda,transfer,256,8,float64,1,5,0.0005920449912082404,0.00016218560049310326,4.447134762332851e-16,pass,,,,,,2.13.0+cu130,1.15.2,2.3,NVIDIA GeForce RTX 5060 Ti
rbf_plus_constant,keops,cuda,resident,256,8,float64,1,5,0.002303699991898611,0.0008808035985566675,1.4823782541109502e-15,pass,,,,,,2.13.0+cu130,1.15.2,2.3,NVIDIA GeForce RTX 5060 Ti
rbf_plus_constant,keops,cuda,transfer,256,8,float64,1,5,0.0010217649978585541,0.0009025083971209824,1.4823782541109502e-15,pass,,,,,,2.13.0+cu130,1.15.2,2.3,NVIDIA GeForce RTX 5060 Ti
rbf_plus_constant,gpytorch_keops,cuda,resident,256,8,float64,1,5,0.18098178697982803,0.0013278198020998389,9.38825769877911e-09,pass,,,,,,2.13.0+cu130,1.15.2,2.3,NVIDIA GeForce RTX 5060 Ti
rbf_plus_constant,gpytorch_keops,cuda,transfer,256,8,float64,1,5,0.0012660450011026114,0.0012474743998609483,9.38825769877911e-09,pass,,,,,,2.13.0+cu130,1.15.2,2.3,NVIDIA GeForce RTX 5060 Ti
rbf_plus_constant,fortml_composite,cpu,cpu,512,8,float64,16,5,,  9.4359999999999998E-05,0.0,pass,76c94d4f2d5c75fdd4de1c0c0987df5d4b421937,73e8965c9891a7a6256981a6509edd36ec26a9b4,direct_RBF_plus_constant_pairwise_sum,nvfortran,-O3 -mp=multicore,,,,
rbf_plus_constant,pytorch_dense,cpu,resident,512,8,float64,16,5,0.0053663400176446885,0.004458141600480303,8.865614347131504e-16,pass,,,,,,2.13.0+cu130,1.15.2,2.3,cpu
rbf_plus_constant,keops,cpu,resident,512,8,float64,16,5,0.08915017699473538,0.0012749782006721943,1.177464405478403e-15,pass,,,,,,2.13.0+cu130,1.15.2,2.3,cpu
rbf_plus_constant,gpytorch_keops,cpu,resident,512,8,float64,16,5,0.14930944200023077,0.0013973226014059037,8.742397767121395e-09,pass,,,,,,2.13.0+cu130,1.15.2,2.3,cpu
rbf_plus_constant,fortml_composite,cuda,transfer,512,8,float64,unknown,5,,  1.2822000000000002E-04,0.0,pass,76c94d4f2d5c75fdd4de1c0c0987df5d4b421937,73e8965c9891a7a6256981a6509edd36ec26a9b4,direct_RBF_plus_constant_pairwise_sum,nvfortran,-O3 -acc,,,,
rbf_plus_constant,fortml_composite,cuda,resident,512,8,float64,unknown,5,,  1.0575999999999999E-04,0.0,pass,76c94d4f2d5c75fdd4de1c0c0987df5d4b421937,73e8965c9891a7a6256981a6509edd36ec26a9b4,direct_RBF_plus_constant_pairwise_sum,nvfortran,-O3 -acc,,,,
rbf_plus_constant,pytorch_dense,cuda,resident,512,8,float64,1,5,0.10516480999649502,0.00020205460023134947,4.432807173565752e-16,pass,,,,,,2.13.0+cu130,1.15.2,2.3,NVIDIA GeForce RTX 5060 Ti
rbf_plus_constant,pytorch_dense,cuda,transfer,512,8,float64,1,5,0.0006703830149490386,0.0002409540000371635,4.432807173565752e-16,pass,,,,,,2.13.0+cu130,1.15.2,2.3,NVIDIA GeForce RTX 5060 Ti
rbf_plus_constant,keops,cuda,resident,512,8,float64,1,5,0.0026835659809876233,0.001304241199977696,1.177464405478403e-15,pass,,,,,,2.13.0+cu130,1.15.2,2.3,NVIDIA GeForce RTX 5060 Ti
rbf_plus_constant,keops,cuda,transfer,512,8,float64,1,5,0.0014310260012280196,0.001322593801887706,1.177464405478403e-15,pass,,,,,,2.13.0+cu130,1.15.2,2.3,NVIDIA GeForce RTX 5060 Ti
rbf_plus_constant,gpytorch_keops,cuda,resident,512,8,float64,1,5,0.17184312699828297,0.0016388398013077675,8.742397933351663e-09,pass,,,,,,2.13.0+cu130,1.15.2,2.3,NVIDIA GeForce RTX 5060 Ti
rbf_plus_constant,gpytorch_keops,cuda,transfer,512,8,float64,1,5,0.0016088709817267954,0.0015744022035505622,8.742397933351663e-09,pass,,,,,,2.13.0+cu130,1.15.2,2.3,NVIDIA GeForce RTX 5060 Ti
rbf_plus_constant,fortml_composite,cpu,cpu,1024,8,float64,16,5,,  3.3601999999999997E-04,0.0,pass,76c94d4f2d5c75fdd4de1c0c0987df5d4b421937,73e8965c9891a7a6256981a6509edd36ec26a9b4,direct_RBF_plus_constant_pairwise_sum,nvfortran,-O3 -mp=multicore,,,,
rbf_plus_constant,pytorch_dense,cpu,resident,1024,8,float64,16,5,0.022127550997538492,0.021912673400947824,2.121601554608136e-15,pass,,,,,,2.13.0+cu130,1.15.2,2.3,cpu
rbf_plus_constant,keops,cpu,resident,1024,8,float64,16,5,0.09448084101313725,0.0021143595979083328,1.6694569610031233e-15,pass,,,,,,2.13.0+cu130,1.15.2,2.3,cpu
rbf_plus_constant,gpytorch_keops,cpu,resident,1024,8,float64,16,5,0.15507057699142024,0.0020504051994066686,1.2654330174363262e-08,pass,,,,,,2.13.0+cu130,1.15.2,2.3,cpu
rbf_plus_constant,fortml_composite,cuda,transfer,1024,8,float64,unknown,5,,  3.0697999999999999E-04,0.0,pass,76c94d4f2d5c75fdd4de1c0c0987df5d4b421937,73e8965c9891a7a6256981a6509edd36ec26a9b4,direct_RBF_plus_constant_pairwise_sum,nvfortran,-O3 -acc,,,,
rbf_plus_constant,fortml_composite,cuda,resident,1024,8,float64,unknown,5,,  2.7955999999999999E-04,0.0,pass,76c94d4f2d5c75fdd4de1c0c0987df5d4b421937,73e8965c9891a7a6256981a6509edd36ec26a9b4,direct_RBF_plus_constant_pairwise_sum,nvfortran,-O3 -acc,,,,
rbf_plus_constant,pytorch_dense,cuda,resident,1024,8,float64,1,5,0.10205218498595059,0.0010191200010012836,8.521186571786776e-16,pass,,,,,,2.13.0+cu130,1.15.2,2.3,NVIDIA GeForce RTX 5060 Ti
rbf_plus_constant,pytorch_dense,cuda,transfer,1024,8,float64,1,5,0.001331298000877723,0.001056055596563965,8.521186571786776e-16,pass,,,,,,2.13.0+cu130,1.15.2,2.3,NVIDIA GeForce RTX 5060 Ti
rbf_plus_constant,keops,cuda,resident,1024,8,float64,1,5,0.0034897949954029173,0.0021263602015096695,1.6694569610031233e-15,pass,,,,,,2.13.0+cu130,1.15.2,2.3,NVIDIA GeForce RTX 5060 Ti
rbf_plus_constant,keops,cuda,transfer,1024,8,float64,1,5,0.002277991996379569,0.0021656344004441054,1.6694569610031233e-15,pass,,,,,,2.13.0+cu130,1.15.2,2.3,NVIDIA GeForce RTX 5060 Ti
rbf_plus_constant,gpytorch_keops,cuda,resident,1024,8,float64,1,5,0.1701069569971878,0.002236439596163109,1.2654330174363262e-08,pass,,,,,,2.13.0+cu130,1.15.2,2.3,NVIDIA GeForce RTX 5060 Ti
rbf_plus_constant,gpytorch_keops,cuda,transfer,1024,8,float64,1,5,0.0022331069922074676,0.002204914396861568,1.2654330174363262e-08,pass,,,,,,2.13.0+cu130,1.15.2,2.3,NVIDIA GeForce RTX 5060 Ti
rbf_plus_constant,fortml_composite,cpu,cpu,2048,8,float64,16,5,,  1.1993800000000001E-03,0.0,pass,76c94d4f2d5c75fdd4de1c0c0987df5d4b421937,73e8965c9891a7a6256981a6509edd36ec26a9b4,direct_RBF_plus_constant_pairwise_sum,nvfortran,-O3 -mp=multicore,,,,
rbf_plus_constant,pytorch_dense,cpu,resident,2048,8,float64,16,5,0.09098360099596903,0.0937741146015469,2.3293733037655242e-15,pass,,,,,,2.13.0+cu130,1.15.2,2.3,cpu
rbf_plus_constant,keops,cpu,resident,2048,8,float64,16,5,0.09217918399372138,0.003854373999638483,1.38306539911078e-15,pass,,,,,,2.13.0+cu130,1.15.2,2.3,cpu
rbf_plus_constant,gpytorch_keops,cpu,resident,2048,8,float64,16,5,0.15724311899975874,0.003340399597072974,1.1876373119085222e-08,pass,,,,,,2.13.0+cu130,1.15.2,2.3,cpu
rbf_plus_constant,fortml_composite,cuda,transfer,2048,8,float64,unknown,5,,  1.0313799999999999E-03,0.0,pass,76c94d4f2d5c75fdd4de1c0c0987df5d4b421937,73e8965c9891a7a6256981a6509edd36ec26a9b4,direct_RBF_plus_constant_pairwise_sum,nvfortran,-O3 -acc,,,,
rbf_plus_constant,fortml_composite,cuda,resident,2048,8,float64,unknown,5,,  9.9337999999999987E-04,0.0,pass,76c94d4f2d5c75fdd4de1c0c0987df5d4b421937,73e8965c9891a7a6256981a6509edd36ec26a9b4,direct_RBF_plus_constant_pairwise_sum,nvfortran,-O3 -acc,,,,
rbf_plus_constant,pytorch_dense,cuda,resident,2048,8,float64,1,5,0.11573703799513169,0.004316593002295121,1.0191008203974169e-15,pass,,,,,,2.13.0+cu130,1.15.2,2.3,NVIDIA GeForce RTX 5060 Ti
rbf_plus_constant,pytorch_dense,cuda,transfer,2048,8,float64,1,5,0.004690016008680686,0.004383745399536565,1.0191008203974169e-15,pass,,,,,,2.13.0+cu130,1.15.2,2.3,NVIDIA GeForce RTX 5060 Ti
rbf_plus_constant,keops,cuda,resident,2048,8,float64,1,5,0.005242056009592488,0.00382806439884007,1.38306539911078e-15,pass,,,,,,2.13.0+cu130,1.15.2,2.3,NVIDIA GeForce RTX 5060 Ti
rbf_plus_constant,keops,cuda,transfer,2048,8,float64,1,5,0.0039733260055072606,0.0038552116020582616,1.38306539911078e-15,pass,,,,,,2.13.0+cu130,1.15.2,2.3,NVIDIA GeForce RTX 5060 Ti
rbf_plus_constant,gpytorch_keops,cuda,resident,2048,8,float64,1,5,0.174879027006682,0.0036362789978738874,1.1876373264671053e-08,pass,,,,,,2.13.0+cu130,1.15.2,2.3,NVIDIA GeForce RTX 5060 Ti
rbf_plus_constant,gpytorch_keops,cuda,transfer,2048,8,float64,1,5,0.003610853018471971,0.003718555998057127,1.1876373264671053e-08,pass,,,,,,2.13.0+cu130,1.15.2,2.3,NVIDIA GeForce RTX 5060 Ti
rbf_plus_constant,fortml_composite,cpu,cpu,4096,8,float64,16,5,,  2.9145999999999998E-03,0.0,pass,76c94d4f2d5c75fdd4de1c0c0987df5d4b421937,73e8965c9891a7a6256981a6509edd36ec26a9b4,direct_RBF_plus_constant_pairwise_sum,nvfortran,-O3 -mp=multicore,,,,
rbf_plus_constant,pytorch_dense,cpu,resident,4096,8,float64,16,5,0.33947327599162236,0.34090419799904337,3.522155332792918e-15,pass,,,,,,2.13.0+cu130,1.15.2,2.3,cpu
rbf_plus_constant,keops,cpu,resident,4096,8,float64,16,5,0.09468248998746276,0.007209805800812319,1.891527863907308e-15,pass,,,,,,2.13.0+cu130,1.15.2,2.3,cpu
rbf_plus_constant,gpytorch_keops,cpu,resident,4096,8,float64,16,5,0.15651740098837763,0.00596037779469043,1.1582942416646126e-08,pass,,,,,,2.13.0+cu130,1.15.2,2.3,cpu
rbf_plus_constant,fortml_composite,cuda,transfer,4096,8,float64,unknown,5,,  3.6417799999999998E-03,0.0,pass,76c94d4f2d5c75fdd4de1c0c0987df5d4b421937,73e8965c9891a7a6256981a6509edd36ec26a9b4,direct_RBF_plus_constant_pairwise_sum,nvfortran,-O3 -acc,,,,
rbf_plus_constant,fortml_composite,cuda,resident,4096,8,float64,unknown,5,,  3.5737799999999999E-03,0.0,pass,76c94d4f2d5c75fdd4de1c0c0987df5d4b421937,73e8965c9891a7a6256981a6509edd36ec26a9b4,direct_RBF_plus_constant_pairwise_sum,nvfortran,-O3 -acc,,,,
rbf_plus_constant,pytorch_dense,cuda,resident,4096,8,float64,1,5,nan,nan,nan,oom,,,,,,2.13.0+cu130,1.15.2,2.3,NVIDIA GeForce RTX 5060 Ti
rbf_plus_constant,pytorch_dense,cuda,transfer,4096,8,float64,1,5,nan,nan,nan,oom,,,,,,2.13.0+cu130,1.15.2,2.3,NVIDIA GeForce RTX 5060 Ti
rbf_plus_constant,keops,cuda,resident,4096,8,float64,1,5,0.008612816978711635,0.007293593598296866,1.891527863907308e-15,pass,,,,,,2.13.0+cu130,1.15.2,2.3,NVIDIA GeForce RTX 5060 Ti
rbf_plus_constant,keops,cuda,transfer,4096,8,float64,1,5,0.007431652018567547,0.007218925200868398,1.891527863907308e-15,pass,,,,,,2.13.0+cu130,1.15.2,2.3,NVIDIA GeForce RTX 5060 Ti
rbf_plus_constant,gpytorch_keops,cuda,resident,4096,8,float64,1,5,0.18228826599079184,0.006055358599405735,1.158294267754652e-08,pass,,,,,,2.13.0+cu130,1.15.2,2.3,NVIDIA GeForce RTX 5060 Ti
rbf_plus_constant,gpytorch_keops,cuda,transfer,4096,8,float64,1,5,0.006083661981392652,0.006068723998032511,1.158294267754652e-08,pass,,,,,,2.13.0+cu130,1.15.2,2.3,NVIDIA GeForce RTX 5060 Ti
