workload,phase,backend,device,status,n_samples,n_features,n_estimators,seconds_per_operation,metric,value,max_abs_error,oracle,python_version,numpy_version,fortml_revision,benchmark_revision,compiler,flags,notes
lightgbm_dart,oracle,numpy_oracle,cpu,pass,4,1,3,0.0,prediction_max_abs_error,0.0,0.0,independent NumPy DART tree-walk oracle,3.14.6,2.5.1,628316d4d0c8b67e0a245de9d61770ccfccc050c,d3ad400ad6fb5666e63f5ed898ed4947fd7431b1,gfortran,-O3,"target=[0,0,10,10], eta=0.5, l2=1, drop=.99, max_drop=1, seed=1729"
lightgbm_dart,fit,fortml,cpu,pass,4,1,3,4.2999999999999636E-05,fit_seconds,4.2999999999999636E-05,0.0,independent NumPy DART tree-walk oracle,3.14.6,2.5.1,628316d4d0c8b67e0a245de9d61770ccfccc050c,d3ad400ad6fb5666e63f5ed898ed4947fd7431b1,gfortran,-O3,seeded prior-tree dropout with deterministic tree normalisation
lightgbm_dart,predict,fortml,cpu,pass,4,1,3,2.9999999999995308E-06,prediction_max_abs_error,8.881784197001252e-16,8.881784197001252e-16,independent NumPy DART tree-walk oracle,3.14.6,2.5.1,628316d4d0c8b67e0a245de9d61770ccfccc050c,d3ad400ad6fb5666e63f5ed898ed4947fd7431b1,gfortran,-O3,
lightgbm_dart,seed_replay,fortml,cpu,pass,4,1,3,0.0,replay_max_abs_error,0.0,0.0,independent NumPy DART tree-walk oracle,3.14.6,2.5.1,628316d4d0c8b67e0a245de9d61770ccfccc050c,d3ad400ad6fb5666e63f5ed898ed4947fd7431b1,gfortran,-O3,
lightgbm_dart,persistence,fortml,cpu,pass,4,1,3,0.0,restore_max_abs_error,0.0,0.0,independent NumPy DART tree-walk oracle,3.14.6,2.5.1,628316d4d0c8b67e0a245de9d61770ccfccc050c,d3ad400ad6fb5666e63f5ed898ed4947fd7431b1,gfortran,-O3,schema-3 tree scales
lightgbm_dart,warm_start,fortml,cpu,pass,4,1,3,0.0,warm_start_max_abs_error,0.0,0.0,independent NumPy DART tree-walk oracle,3.14.6,2.5.1,628316d4d0c8b67e0a245de9d61770ccfccc050c,d3ad400ad6fb5666e63f5ed898ed4947fd7431b1,gfortran,-O3,
lightgbm_dart,tree_scale,fortml,cpu,pass,4,1,3,0.0,tree_scale_max_abs_error,0.0,0.0,independent NumPy DART tree-walk oracle,3.14.6,2.5.1,628316d4d0c8b67e0a245de9d61770ccfccc050c,d3ad400ad6fb5666e63f5ed898ed4947fd7431b1,gfortran,-O3,"expected [0.25,0.5,0.5]"
lightgbm_dart,invalid_rates,fortml,cpu,pass,4,1,3,0.0,status_code,1,0.0,typed transactional domain contract,3.14.6,2.5.1,628316d4d0c8b67e0a245de9d61770ccfccc050c,d3ad400ad6fb5666e63f5ed898ed4947fd7431b1,gfortran,-O3,dart_drop_rate >= 1
lightgbm_dart,predict,fortml,cuda,unavailable,4,1,3,0.0,status_code,3,nan,typed device contract,3.14.6,2.5.1,628316d4d0c8b67e0a245de9d61770ccfccc050c,d3ad400ad6fb5666e63f5ed898ed4947fd7431b1,gfortran,-O3,FORTNUM_NOT_IMPLEMENTED; no host fallback
