workload,phase,backend,device,status,metric,value,max_abs_error,oracle,python_version,numpy_version,fortml_revision,benchmark_revision,compiler,flags,notes
discriminant_class_weight,oracle_moments,numpy_oracle,cpu,pass,maximum_mean_error,0.0,0.0,independent weighted LDA moments,3.14.6,2.5.1,213898c2141f67a567f9c42b850e5e5854b355db,b31450775c7f4600d7415822cc9196c7caabbfc2,gfortran,-O3,"sorted labels [-2,7]"
discriminant_class_weight,oracle_probability,numpy_oracle,cpu,pass,class_7_probability_at_x_1,0.004661685393461721,0.0,independent weighted LDA probability,3.14.6,2.5.1,213898c2141f67a567f9c42b850e5e5854b355db,b31450775c7f4600d7415822cc9196c7caabbfc2,gfortran,-O3,class/sample weight equivalence
multi_output_gp_fortopt,oracle_lml,numpy_oracle,cpu,pass,initial_log_marginal_likelihood,-5.9291676765690635,0.0,independent dense ICM NumPy solve,3.14.6,2.5.1,213898c2141f67a567f9c42b850e5e5854b355db,b31450775c7f4600d7415822cc9196c7caabbfc2,gfortran,-O3,two-output RBF ICM fixture
discriminant_class_weight,behavioral_gate,fortml,cpu,pass,tests_passed,1.0,0.0,independent Fortran test_discriminant_class_weight,3.14.6,2.5.1,213898c2141f67a567f9c42b850e5e5854b355db,b31450775c7f4600d7415822cc9196c7caabbfc2,gfortran,-O3,"elapsed_seconds=4.70154; class/sample weights, arbitrary labels, LDA/QDA moments and refusal"
discriminant_class_weight,device_boundary,fortml,cuda,unavailable,resident_executor,FORTNUM_NOT_IMPLEMENTED,0.0,typed device capability contract,3.14.6,2.5.1,213898c2141f67a567f9c42b850e5e5854b355db,b31450775c7f4600d7415822cc9196c7caabbfc2,gfortran,-O3,no resident CUDA path or host fallback claimed
multi_output_gp_fortopt,behavioral_gate,fortml,cpu,pass,tests_passed,1.0,0.0,independent Fortran test_multi_output_gp_training,3.14.6,2.5.1,213898c2141f67a567f9c42b850e5e5854b355db,b31450775c7f4600d7415822cc9196c7caabbfc2,gfortran,-O3,"elapsed_seconds=4.69929; independent dense LML, FortOpt bounds/multistart, and CUDA refusal"
multi_output_gp_fortopt,device_boundary,fortml,cuda,unavailable,resident_executor,FORTNUM_NOT_IMPLEMENTED,0.0,typed device capability contract,3.14.6,2.5.1,213898c2141f67a567f9c42b850e5e5854b355db,b31450775c7f4600d7415822cc9196c7caabbfc2,gfortran,-O3,no resident CUDA path or host fallback claimed
mlp_checkpoint_weight_mass,behavioral_gate,fortml,cpu,pass,tests_passed,1.0,0.0,independent Fortran test_mlp_checkpoint_io,3.14.6,2.5.1,213898c2141f67a567f9c42b850e5e5854b355db,b31450775c7f4600d7415822cc9196c7caabbfc2,gfortran,-O3,"elapsed_seconds=4.72765; weighted pending microbatch persistence, malformed input, and device contract"
mlp_checkpoint_weight_mass,device_boundary,fortml,cuda,unavailable,resident_executor,FORTNUM_NOT_IMPLEMENTED,0.0,typed device capability contract,3.14.6,2.5.1,213898c2141f67a567f9c42b850e5e5854b355db,b31450775c7f4600d7415822cc9196c7caabbfc2,gfortran,-O3,no resident CUDA path or host fallback claimed
